Sample/Assay;ARID4A;PPP1R1A | PDE1B;MEFV;RECQL4;COL4A2;PON3;NKX2-3;CYP24A1;VCAN | VCAN-AS1;MYH7;PSCA;GLP1R;TDRD7;CFLAR;CNR2;ALDH4A1;GRM7;TRPV3;PLXNB3 | SRPK3;| EXOSC3;PKD1L1;LTBP1;PZP;MUC5B;EYS;18s;MYT1 | NPBWR2;IRS2;GPAM;ETS1;EIF4ENIF1;| ERAP2;GABRA5;MAGEB18 |;SLC26A1 | IDUA;TSHZ1 (C__25764949_10);PYCR1 | MYADML2;MYH14;UTY;MCM3AP;OCA2;DCC;SHROOM3 | SHROOM3-AS1;| PARL;NDE1 | MYH11;ZNF480 (C__25969738_10);RIPK4;ZNRF3 (C__25625399_20)
SAMPLE_1;T/T;C/C;C/C;C/T;T/T;C/T;C/C;A/G;C/C;A/A;A/A;A/A;G/G;G/G;A/G;G/G;C/T;C/T;A/G;C/C;G/G;A/G;A/G;C/T;G/G;G/G;A/G;A/A;A/G;C/C;A/A;A/G;C/C;C/T;A/G;C/C;G/G;A/A;G/G;A/G;G/G;C/C;T/T;G/G;C/C;G/G;C/T;A/A
SAMPLE_2;T/T;C/C;T/T;C/C;C/C;C/T;C/C;A/G;C/C;A/G;A/A;A/C;G/G;A/A;G/G;A/A;T/T;T/T;G/G;T/T;G/G;A/A;A/G;T/T;G/G;G/G;A/G;G/G;A/G;C/C;A/A;G/G;C/T;T/T;A/G;T/T;G/G;A/G;G/G;G/G;G/G;C/T;C/T;A/G;C/T;A/G;C/C;A/C
SAMPLE_3;T/T;T/T;T/T;C/T;C/C;C/T;A/C;A/G;C/C;G/G;C/C;A/C;A/A;A/A;A/G;A/G;C/T;C/T;A/A;C/C;A/A;A/G;A/G;C/T;G/G;G/G;A/A;G/G;A/A;T/T;A/A;A/A;T/T;C/C;A/G;T/T;G/A;A/G;G/G;A/A;A/G;T/T;C/C;G/G;T/T;G/G;T/T;UND
SAMPLE_4;T/T;C/C;C/T;C/T;C/T;T/T;A/C;G/G;C/T;A/G;A/A;A/C;A/G;A/G;G/G;A/G;C/T;T/T;A/A;T/T;G/G;A/G;G/G;T/T;A/A;G/G;A/A;G/G;G/G;T/C;A/A;G/G;C/C;C/C;A/G;C/T;G/A;A/G;G/G;A/A;G/G;C/T;C/C;A/G;T/T;A/A;C/T;A/C
SAMPLE_5;T/T;C/T;C/T;T/T;C/T;C/T;A/C;A/G;C/C;G/G;A/C;A/C;A/A;A/G;G/G;A/G;C/C;C/T;A/G;C/T;A/G;A/G;G/G;C/C;A/A;G/G;A/G;G/G;A/G;T/T;A/A;A/A;C/T;C/C;A/G;C/T;G/A;A/G;G/G;A/G;A/G;C/T;C/T;A/G;T/T;A/A;T/T;A/A
SAMPLE_6;C/T;C/C;T/T;C/T;C/T;C/T;A/C;A/A;C/C;G/G;A/A;C/C;A/G;G/G;G/G;G/G;C/T;C/T;A/A;C/T;A/A;A/A;A/G;C/C;A/G;G/G;A/G;G/G;G/G;C/C;A/A;A/G;T/T;T/T;A/A;C/C;G/G;A/G;G/G;A/A;A/G;T/T;C/T;A/G;T/T;G/G;C/T;UND
SAMPLE_7;T/T;C/C;C/T;T/T;C/T;C/T;A/C;A/G;C/C;G/G;C/C;A/A;G/G;A/A;A/A;A/G;T/T;C/T;A/G;C/T;A/G;A/A;A/G;T/T;A/G;G/G;A/A;A/G;A/G;T/C;A/A;G/G;T/T;T/T;G/G;C/T;G/A;A/G;G/G;A/A;A/G;C/T;T/T;A/A;T/T;UND;C/T;A/A
SAMPLE_8;C/T;C/C;C/T;C/C;C/T;C/T;A/C;A/A;C/T;G/G;C/C;A/A;A/G;A/G;A/G;G/G;C/T;C/T;A/A;C/T;A/G;A/G;A/G;C/C;A/G;G/G;A/G;G/G;A/G;T/C;A/A;A/G;T/T;C/T;A/G;C/T;A/A;A/A;G/G;A/G;A/G;C/C;T/T;A/G;C/T;A/A;C/T;A/C
SAMPLE_9;T/T;C/T;C/C;C/T;C/C;C/T;C/C;UND;C/T;A/G;A/C;C/C;A/A;A/G;G/G;A/A;C/T;C/C;G/G;T/T;G/G;A/G;A/A;C/C;G/G;G/G;A/G;A/G;A/G;C/C;A/A;G/G;C/C;T/T;A/G;T/T;A/A;A/G;G/G;A/G;G/G;C/C;C/C;A/A;C/T;G/G;C/T;A/C
SAMPLE_10;C/T;C/C;C/T;T/T;C/T;C/T;A/C;A/G;C/T;G/G;C/C;A/A;A/G;A/A;A/G;A/A;T/T;C/C;A/A;C/C;G/G;A/G;A/G;C/C;G/G;G/G;A/A;A/A;A/G;T/C;A/A;A/G;T/T;T/T;A/A;C/C;G/G;A/A;G/G;A/A;A/A;C/C;C/T;A/G;T/T;G/G;T/T;A/C
SAMPLE_11;C/C;C/C;C/C;T/T;C/T;C/T;C/C;A/G;C/T;A/G;A/C;C/C;A/G;A/A;A/G;A/G;C/T;C/C;A/G;C/T;A/G;A/A;A/G;C/C;A/A;G/G;A/G;G/G;G/G;C/C;A/A;A/G;C/T;C/C;G/G;C/T;A/A;A/G;G/G;A/G;G/G;C/T;C/T;A/G;C/T;A/G;C/T;A/C
SAMPLE_12;C/T;C/C;C/T;T/T;C/T;C/T;A/A;A/A;C/T;A/G;A/A;A/A;A/G;A/A;A/G;A/G;T/T;C/T;A/A;C/C;A/A;A/G;A/A;T/T;A/G;G/G;A/G;A/G;A/A;C/C;A/A;A/G;T/T;C/C;A/A;T/T;G/A;A/A;G/G;A/A;A/G;C/T;C/C;A/G;C/T;G/G;T/T;A/A
SAMPLE_13;C/C;T/T;C/T;C/T;C/T;C/T;A/C;A/A;C/C;G/G;A/C;A/C;A/G;G/G;A/A;G/G;C/C;T/T;A/G;C/C;G/G;A/G;A/G;C/C;G/G;G/G;A/G;A/A;A/A;C/C;A/G;G/G;C/C;T/T;A/G;T/T;G/A;UND;G/G;A/G;A/G;T/T;C/C;A/G;C/T;G/G;T/T;A/A
SAMPLE_14;C/C;C/C;C/T;C/T;C/T;C/T;C/C;A/G;C/T;A/G;C/C;A/C;A/G;G/G;A/A;A/A;C/T;C/T;A/A;T/T;A/A;A/A;A/A;C/T;A/A;G/G;A/A;A/G;A/G;T/C;A/A;A/A;C/C;T/T;A/A;C/T;G/A;A/G;G/G;A/G;A/A;C/T;C/T;G/G;C/T;A/G;C/C;A/A
SAMPLE_15;C/T;C/C;C/T;C/C;C/T;T/T;C/C;A/G;C/T;A/G;C/C;C/C;G/G;G/G;G/G;A/G;T/T;T/T;A/A;T/T;A/G;G/G;A/G;C/C;A/G;G/G;A/G;A/A;A/A;T/C;A/A;A/G;C/C;C/C;A/A;C/T;G/G;A/G;G/G;A/A;A/G;C/C;C/T;G/G;C/C;A/A;C/C;A/C
SAMPLE_16;C/C;C/T;C/T;C/T;C/T;T/T;C/C;G/G;C/T;A/G;A/A;A/C;A/G;A/A;A/G;G/G;T/T;C/T;A/G;T/T;A/G;A/A;A/A;C/T;A/A;G/G;A/A;A/G;G/G;T/C;A/A;A/G;C/C;C/T;A/G;C/T;G/A;G/G;G/G;G/G;A/G;T/T;C/T;A/G;C/C;A/G;T/T;A/A
SAMPLE_17;T/T;C/T;C/T;C/T;C/T;C/C;C/C;A/G;T/T;A/G;C/C;A/C;A/A;G/G;A/G;A/A;C/C;C/T;A/A;C/T;A/G;A/G;A/A;C/C;G/G;G/G;G/G;G/G;A/G;T/C;A/A;A/G;T/T;C/T;A/A;T/T;G/A;A/G;G/G;A/A;A/G;C/T;C/C;A/A;T/T;A/G;T/T;A/A
SAMPLE_18;T/T;C/C;C/C;C/C;C/T;C/T;A/C;A/A;C/C;G/G;C/C;A/C;A/A;A/G;A/G;A/G;C/C;C/T;A/G;C/T;G/G;G/G;A/G;T/T;G/G;G/G;A/G;G/G;G/G;T/C;A/A;A/G;C/C;C/C;A/G;T/T;G/A;A/A;G/G;A/A;A/A;T/T;C/T;A/A;C/C;UND;C/T;A/A
SAMPLE_19;T/T;C/C;C/C;C/C;C/T;C/T;A/A;A/A;C/T;A/A;A/C;C/C;G/G;G/G;A/A;A/G;T/T;T/T;G/G;C/C;A/G;A/G;A/A;C/T;A/A;G/G;A/G;A/G;A/A;C/C;A/G;A/G;C/T;T/T;A/G;C/T;G/A;A/G;G/G;G/G;A/A;C/T;C/T;A/A;C/T;A/A;T/T;UND
SAMPLE_20;C/T;C/T;C/C;C/C;T/T;C/T;A/C;G/G;C/T;A/G;A/C;C/C;A/G;A/A;A/G;A/G;T/T;T/T;A/A;C/T;A/G;G/G;A/G;C/T;A/G;G/G;A/A;G/G;A/G;T/C;A/A;G/G;C/T;C/C;A/G;C/T;A/A;A/G;G/G;A/G;G/G;C/T;C/T;A/G;T/T;A/G;T/T;A/C
SAMPLE_21;C/T;C/T;C/T;C/C;T/T;T/T;A/A;A/A;C/T;A/A;C/C;C/C;A/G;A/A;G/G;A/G;C/T;C/T;A/A;C/C;A/G;G/G;A/G;C/T;A/A;G/G;A/G;A/G;A/G;T/T;A/A;A/G;T/T;C/T;A/G;T/T;G/G;G/G;G/G;G/G;A/G;C/T;T/T;A/A;C/C;A/G;C/T;A/A
SAMPLE_22;C/C;C/T;C/C;T/T;C/T;C/T;A/C;G/G;T/T;A/G;C/C;C/C;A/G;A/G;G/G;A/G;T/T;T/T;A/G;C/T;G/G;G/G;A/G;C/C;G/G;G/G;A/A;G/G;A/A;T/C;A/A;A/G;C/T;C/C;A/G;C/T;A/A;A/G;G/G;A/G;A/G;C/T;T/T;A/G;C/T;A/G;C/T;A/A
SAMPLE_23;C/T;T/T;C/C;C/C;C/C;C/C;A/C;G/G;C/T;A/G;A/A;A/A;G/G;A/A;G/G;G/G;T/T;C/T;A/A;C/T;A/G;A/A;G/G;C/T;A/G;G/G;A/A;G/G;A/A;T/C;A/G;A/G;C/T;C/T;A/G;C/C;G/A;A/A;G/G;G/G;A/A;C/T;C/T;G/G;C/T;A/G;C/T;A/A
SAMPLE_24;C/C;C/C;C/C;C/T;C/C;C/T;A/A;A/G;C/T;A/G;A/A;C/C;G/G;G/G;G/G;A/G;C/T;T/T;G/G;C/T;A/A;A/A;G/G;C/C;A/G;G/G;A/G;A/G;A/G;C/C;A/A;G/G;C/C;C/C;A/G;C/T;G/A;A/G;G/G;A/G;A/A;C/T;C/C;G/G;C/T;G/G;T/T;A/C
SAMPLE_25;C/T;C/T;T/T;C/T;T/T;T/T;C/C;A/A;C/C;A/G;A/C;C/C;A/G;G/G;G/G;A/G;T/T;C/C;A/G;C/T;A/A;A/A;A/G;C/T;A/G;G/G;A/A;A/G;G/G;C/C;A/A;A/G;C/T;C/T;G/G;C/T;G/A;A/G;G/G;A/G;A/G;T/T;T/T;G/G;C/T;A/G;C/C;A/C
SAMPLE_26;T/T;C/C;C/T;C/T;T/T;C/T;A/C;A/G;C/C;A/G;A/A;A/C;A/A;A/A;A/A;G/G;C/T;C/T;A/A;T/T;G/G;A/G;A/G;C/C;G/G;G/G;A/A;G/G;A/G;T/C;A/A;G/G;C/T;T/T;A/G;T/T;G/G;A/A;G/G;A/G;A/G;C/C;T/T;G/G;T/T;A/G;T/T;A/A
SAMPLE_28;C/T;C/T;C/T;C/C;C/T;C/C;C/C;A/A;C/T;A/G;C/C;A/A;A/G;G/G;G/G;A/G;T/T;C/T;A/A;C/T;G/G;A/G;A/G;C/T;A/G;G/G;A/A;A/G;A/G;C/C;A/A;G/G;C/C;C/C;A/G;C/C;G/A;A/A;G/G;A/A;G/G;C/C;C/T;G/G;T/T;G/G;C/T;A/A
SAMPLE_29;C/T;C/C;C/T;C/T;C/C;C/T;C/C;A/A;C/T;A/G;C/C;C/C;A/G;A/G;A/A;G/G;C/C;T/T;A/A;C/T;A/G;A/G;A/G;T/T;G/G;G/G;A/G;G/G;A/A;T/C;A/A;A/G;T/T;C/T;G/G;C/T;A/A;A/G;G/G;A/G;A/A;C/T;C/T;A/G;C/T;A/G;C/T;UND
SAMPLE_30;C/C;C/T;C/T;T/T;C/T;C/C;A/A;A/G;C/T;A/G;A/C;A/C;A/G;A/G;A/G;A/G;C/C;T/T;A/G;C/C;G/G;A/G;A/A;T/T;A/G;G/G;G/G;A/G;A/A;T/C;A/G;A/G;C/T;C/C;A/G;C/T;G/A;A/G;G/G;G/G;A/A;C/C;C/C;A/G;C/T;A/G;T/T;A/A
SAMPLE_31;C/C;C/T;C/C;C/C;T/T;C/C;A/C;A/G;C/T;G/G;A/A;A/C;A/G;A/G;G/G;A/G;C/T;C/C;G/G;T/T;G/G;A/A;A/G;C/C;A/G;G/G;A/G;G/G;A/A;C/C;A/A;A/G;C/T;C/C;A/G;T/T;G/A;A/A;G/G;A/A;A/G;C/T;C/C;A/G;T/T;A/G;T/T;A/A
SAMPLE_32;C/T;T/T;C/T;C/C;C/T;T/T;C/C;G/G;C/T;A/G;A/C;A/C;G/G;A/G;A/A;G/G;C/T;C/C;G/G;C/T;A/G;A/G;A/G;C/C;G/G;G/G;A/A;A/G;A/G;T/C;A/G;G/G;C/T;C/C;A/G;C/T;G/A;G/G;G/G;A/G;G/G;C/C;C/T;A/A;C/T;A/G;T/T;A/C
SAMPLE_33;C/C;T/T;C/C;C/T;T/T;C/C;A/C;A/G;T/T;A/G;A/C;A/C;G/G;A/G;A/G;G/G;T/T;C/T;A/A;T/T;A/A;A/A;G/G;C/T;G/G;G/G;A/G;A/A;A/G;T/C;A/G;G/G;T/T;C/C;A/A;C/T;A/A;A/G;G/G;A/A;A/G;T/T;C/C;A/G;C/T;A/G;T/T;A/A
SAMPLE_34;T/T;C/T;C/C;C/C;C/T;T/T;A/C;A/A;C/T;A/G;A/C;A/C;A/A;A/G;A/G;A/A;T/T;C/C;A/A;C/T;A/A;A/G;G/G;C/T;A/G;G/G;A/G;A/G;G/G;T/C;A/A;A/A;C/C;C/T;A/A;T/T;G/A;A/A;G/G;A/G;G/G;T/T;C/C;A/G;C/T;A/A;C/T;A/C
SAMPLE_35;C/T;C/C;T/T;C/C;C/T;C/T;A/A;G/G;C/C;A/G;A/C;C/C;A/A;A/A;A/A;G/G;C/C;C/T;A/A;T/T;A/G;A/A;A/G;C/T;A/A;G/G;A/A;G/G;A/A;C/C;A/A;G/G;C/T;C/T;A/G;C/T;A/A;A/A;G/G;G/G;G/G;C/C;T/T;G/G;T/T;A/G;C/C;A/A
SAMPLE_36;C/T;C/T;C/C;UND;C/C;UND;A/A;A/G;C/T;UND;C/C;A/C;A/G;A/G;A/G;G/G;C/T;C/C;UND;C/C;A/G;A/A;A/A;C/C;A/G;G/G;A/G;G/G;G/G;C/C;A/G;A/G;C/T;C/C;A/A;T/T;G/A;UND;G/G;A/G;A/G;C/T;C/C;A/G;C/C;A/G;C/C;A/C
SAMPLE_37;C/C;UND;C/T;C/T;C/C;C/T;C/C;A/G;C/T;A/G;A/A;UND;A/G;G/G;A/G;A/G;C/T;C/T;A/G;T/T;A/A;UND;G/G;C/C;A/A;G/G;A/G;A/G;G/G;T/C;A/A;A/G;C/T;C/C;G/G;T/T;UND;UND;G/G;A/G;A/G;C/T;C/T;A/G;C/T;A/G;C/C;UND
SAMPLE_38;C/C;T/T;T/T;C/C;C/C;C/C;C/C;A/G;T/T;A/G;A/C;A/C;G/G;A/A;A/G;A/A;C/T;C/T;G/G;C/T;A/G;A/G;A/G;C/C;G/G;G/G;G/G;G/G;G/G;T/C;A/G;A/A;C/T;T/T;A/G;C/T;A/A;A/A;G/G;A/G;A/G;T/T;T/T;G/G;C/C;UND;T/T;A/A
SAMPLE_39;C/C;C/T;C/C;C/T;C/T;C/T;A/C;A/A;C/T;A/G;A/A;A/A;A/G;A/G;A/G;A/G;C/T;C/T;A/A;C/T;A/G;A/G;A/G;C/C;A/G;G/G;A/G;G/G;A/A;T/C;A/A;G/G;C/T;C/C;A/G;C/T;G/G;A/G;G/G;A/G;A/G;C/C;C/C;A/G;C/T;A/A;C/C;A/A
SAMPLE_40;C/C;C/C;C/C;C/C;C/T;C/T;A/C;A/A;UND;UND;A/A;A/A;A/A;A/G;A/G;A/G;T/T;UND;A/G;T/T;G/G;G/G;A/G;T/T;G/G;G/G;A/G;A/G;A/G;C/C;A/A;A/A;C/T;C/C;A/G;C/C;G/A;A/A;G/G;A/G;A/A;C/T;C/T;G/G;C/T;A/G;C/T;UND
SAMPLE_41;T/T;C/T;C/C;C/C;C/C;C/T;A/A;A/G;C/T;UND;A/C;A/A;A/G;G/G;A/G;A/G;C/C;UND;A/G;C/C;A/G;A/A;A/A;C/T;A/A;G/G;A/A;G/G;A/A;C/C;A/A;A/G;C/C;C/T;G/G;C/T;G/G;A/A;G/G;UND;A/G;C/T;T/T;UND;C/T;A/G;T/T;A/A
SAMPLE_42;C/T;C/C;C/C;C/C;C/T;C/T;A/C;A/G;UND;A/G;A/C;A/C;A/G;A/A;A/G;A/A;C/T;C/T;UND;T/T;UND;G/G;A/A;C/C;A/G;G/G;A/G;A/G;A/A;T/C;A/A;G/G;C/C;C/T;A/G;C/T;G/A;UND;G/G;A/G;A/A;UND;C/C;A/A;C/T;A/G;C/T;A/C
SAMPLE_43;C/T;C/C;C/T;C/T;C/C;UND;A/A;UND;UND;A/G;A/A;C/C;A/A;A/G;A/G;A/A;C/T;C/C;UND;T/T;G/G;G/G;G/G;C/C;A/G;G/G;A/A;G/G;A/A;T/T;A/A;A/G;C/T;C/C;A/A;T/T;UND;A/A;G/G;A/G;A/G;C/T;C/C;A/G;T/T;A/A;C/T;UND
SAMPLE_44;C/T;C/T;C/C;T/T;C/C;UND;A/C;A/G;C/T;A/G;A/C;A/A;A/G;A/G;A/G;G/G;C/C;C/T;A/G;T/T;A/G;UND;A/A;C/C;G/G;G/G;A/G;G/G;A/G;T/C;A/A;G/G;C/T;C/C;A/G;C/T;G/A;G/G;G/G;A/G;A/G;T/T;T/T;A/G;T/T;UND;T/T;A/C
SAMPLE_45;C/T;T/T;C/T;C/T;C/C;T/T;C/C;UND;C/T;UND;A/A;A/A;A/G;A/G;A/A;A/G;C/T;UND;UND;T/T;G/G;UND;G/G;T/T;A/A;G/G;A/A;A/G;A/G;T/C;A/A;UND;C/T;T/T;A/G;C/T;UND;A/A;G/G;UND;A/A;C/T;C/C;A/A;C/T;A/G;T/T;A/A
SAMPLE_46;T/T;C/T;C/C;C/C;C/C;C/T;A/A;A/G;C/C;G/G;A/C;A/C;G/G;A/G;A/G;G/G;C/C;C/T;A/G;C/T;A/G;G/G;A/G;C/T;A/G;G/G;G/G;A/G;A/A;T/C;A/A;G/G;C/C;C/T;A/A;T/T;G/A;A/G;G/G;A/G;G/G;T/T;C/T;A/G;C/T;A/A;C/C;A/C
SAMPLE_47;C/C;C/T;C/T;C/T;C/T;C/T;A/C;A/G;C/C;A/A;A/C;A/C;A/A;G/G;A/A;A/G;T/T;T/T;A/A;T/T;G/G;G/G;A/A;C/T;A/A;G/G;G/G;A/A;A/G;T/T;A/A;G/G;C/T;C/C;A/G;T/T;A/A;A/G;G/G;A/G;A/G;T/T;C/C;A/A;C/T;A/G;T/T;A/C
SAMPLE_48;C/T;C/T;C/T;C/C;C/T;T/T;A/A;A/G;C/C;A/G;A/A;A/C;A/A;A/G;G/G;G/G;C/T;C/T;A/A;T/T;A/G;A/G;A/A;C/C;A/G;G/G;G/G;G/G;A/G;C/C;A/A;G/G;T/T;C/C;A/G;T/T;G/A;A/A;G/G;A/G;A/A;C/C;T/T;G/G;C/T;A/G;C/C;A/A
SAMPLE_49;C/C;C/T;C/T;C/T;C/C;C/C;A/C;A/G;C/T;A/A;A/C;A/C;A/G;A/A;G/G;G/G;C/C;C/T;A/A;C/T;A/A;A/A;A/G;C/T;A/G;G/G;A/G;G/G;G/G;T/C;A/A;A/A;C/C;C/C;G/G;UND;G/A;A/G;G/G;G/G;A/G;C/C;C/C;A/A;C/T;A/G;T/T;A/C
SAMPLE_50;T/T;T/T;T/T;C/T;C/T;C/C;C/C;A/G;T/T;A/A;A/C;A/C;G/G;G/G;A/G;A/G;C/T;C/T;A/A;C/T;A/G;A/G;G/G;T/T;A/A;G/G;A/G;A/G;A/G;T/C;A/G;A/G;T/T;C/C;A/A;C/T;G/A;A/A;G/G;A/G;A/A;T/T;C/C;A/A;C/T;G/G;C/T;A/C
SAMPLE_51;C/C;T/T;T/T;C/T;C/T;C/C;A/C;A/G;C/T;G/G;A/C;A/C;A/A;A/A;A/G;A/A;C/C;C/T;A/A;C/C;A/G;A/A;G/G;C/T;G/G;G/G;A/G;G/G;A/G;T/T;A/A;A/A;C/C;C/C;A/G;C/C;G/A;A/G;G/G;A/G;A/G;C/T;T/T;A/A;C/T;A/G;T/T;UND
SAMPLE_52;C/C;T/T;C/T;T/T;C/C;T/T;A/C;A/A;C/T;G/G;A/C;C/C;A/G;A/A;A/A;A/G;C/C;C/T;A/A;C/T;A/G;A/A;G/G;C/T;A/G;G/G;G/G;G/G;A/A;C/C;A/G;A/A;C/C;C/C;A/G;C/T;G/A;A/A;G/G;A/A;A/G;T/T;C/T;A/G;C/T;A/G;T/T;A/A
SAMPLE_53;C/T;C/T;C/C;T/T;T/T;C/T;C/C;A/G;T/T;A/G;A/A;A/C;A/A;A/A;A/G;G/G;T/T;C/T;A/A;C/T;A/G;A/G;G/G;C/C;A/G;G/G;G/G;G/G;A/A;T/C;A/A;A/A;C/C;C/C;G/G;C/T;G/A;A/A;G/G;G/G;G/G;C/T;UND;A/G;T/T;A/G;C/T;UND
SAMPLE_54;C/T;C/T;C/T;C/C;T/T;C/T;A/C;A/G;C/C;A/A;A/C;C/C;G/G;G/G;A/G;A/G;T/T;C/T;A/A;C/T;A/A;A/G;A/G;C/T;A/G;G/G;G/G;A/G;G/G;T/T;A/G;A/G;C/C;C/T;A/G;C/T;G/G;A/A;G/G;A/A;G/G;C/C;C/T;A/G;T/T;A/A;C/T;A/A
SAMPLE_55;C/T;C/C;C/C;C/T;C/T;C/T;A/C;A/A;C/T;A/A;A/A;A/A;A/A;G/G;A/G;A/A;T/T;C/T;A/A;C/C;A/A;A/G;A/A;C/T;G/G;G/G;G/G;A/G;A/G;C/C;A/A;A/G;C/T;C/C;A/G;T/T;A/A;UND;G/G;G/G;A/A;C/T;C/T;A/G;C/C;G/G;T/T;A/A
SAMPLE_57;T/T;T/T;C/T;C/T;C/T;T/T;C/C;A/G;C/C;A/G;A/C;A/C;A/G;A/G;A/G;A/G;T/T;C/T;A/G;C/C;A/G;A/G;A/G;C/C;A/G;G/G;G/G;G/G;G/G;T/T;A/A;G/G;C/C;C/T;G/G;C/T;G/G;A/A;G/G;A/G;A/G;C/T;C/T;A/G;C/C;G/G;C/C;A/C
SAMPLE_58;C/T;C/T;C/C;C/T;C/T;T/T;A/A;G/G;T/T;A/G;C/C;A/C;A/G;A/G;A/G;A/A;T/T;T/T;A/G;C/T;A/A;A/A;A/G;T/T;G/G;G/G;A/G;A/G;A/G;C/C;A/A;G/G;T/T;C/T;A/G;C/T;A/A;A/A;G/G;G/G;A/G;C/T;T/T;A/A;C/T;G/G;C/C;A/C
SAMPLE_59;C/T;C/T;C/C;T/T;T/T;C/T;C/C;A/G;C/T;A/A;A/C;A/A;G/G;G/G;G/G;A/G;C/T;C/T;A/A;C/C;A/G;A/A;A/G;C/C;G/G;G/G;A/A;A/G;A/G;C/C;A/G;A/A;C/C;C/C;A/G;C/C;A/A;A/A;G/G;A/G;A/A;C/T;C/T;A/G;T/T;A/G;C/C;A/C
SAMPLE_60;T/T;T/T;C/C;T/T;T/T;T/T;A/C;G/G;C/C;A/G;C/C;A/C;G/G;A/A;A/A;G/G;C/T;C/T;A/A;C/C;A/G;A/G;A/G;T/T;A/G;G/G;G/G;G/G;G/G;T/C;A/G;A/A;C/T;C/C;A/A;C/T;G/A;G/G;G/G;G/G;A/G;C/C;C/T;A/G;C/T;A/G;T/T;A/A
SAMPLE_61;C/T;T/T;C/T;T/T;C/C;C/C;A/C;A/G;C/C;A/G;C/C;A/A;G/G;A/A;A/A;A/G;C/T;C/T;A/A;C/C;A/A;G/G;A/G;C/T;G/G;G/G;A/G;A/A;G/G;T/C;A/G;A/A;C/C;T/T;A/A;C/T;A/A;A/G;G/G;A/G;A/A;T/T;C/T;G/G;C/T;A/G;C/T;A/A
SAMPLE_62;C/C;T/T;C/T;T/T;C/T;C/T;A/C;A/A;T/T;A/A;C/C;A/C;A/G;G/G;A/G;A/A;C/C;C/C;A/A;T/T;A/G;A/G;G/G;C/C;G/G;G/G;A/A;A/G;A/A;T/T;A/A;A/G;C/T;C/T;G/G;T/T;G/A;A/A;G/G;A/G;A/G;C/T;C/C;A/G;C/T;A/G;C/T;A/A
SAMPLE_63;T/T;C/T;T/T;C/T;C/T;C/C;C/C;A/A;T/T;G/G;C/C;A/A;A/G;A/G;A/G;A/G;C/C;C/T;A/A;C/C;A/A;G/G;A/A;C/T;G/G;G/G;G/G;G/G;A/G;C/C;A/A;G/G;T/T;C/C;A/G;C/T;A/A;A/G;G/G;A/G;G/G;C/C;C/C;A/G;C/C;A/A;C/C;UND
SAMPLE_64;T/T;C/T;C/C;C/C;C/C;T/T;A/C;A/G;C/T;A/G;A/C;A/C;G/G;A/A;A/G;A/A;C/T;C/T;A/G;C/C;A/G;A/A;A/G;C/T;G/G;G/G;A/A;G/G;A/A;T/T;A/A;G/G;C/C;C/T;G/G;T/T;A/A;A/A;G/G;A/A;G/G;T/T;T/T;G/G;T/T;G/G;C/C;A/C
SAMPLE_65;C/T;C/C;C/C;C/T;C/T;C/C;A/C;A/G;T/T;A/A;A/C;A/A;A/G;G/G;A/G;A/G;C/T;T/T;A/A;C/C;G/G;G/G;G/G;C/T;A/A;G/G;A/A;A/A;G/G;T/C;A/A;A/A;C/C;C/C;G/G;C/T;G/G;A/G;G/G;G/G;A/A;C/T;C/C;A/A;C/T;G/G;C/T;A/C
SAMPLE_66;T/T;C/C;C/T;C/C;C/T;C/T;A/A;A/A;C/C;G/G;C/C;A/A;A/G;A/A;A/G;A/A;T/T;T/T;A/G;C/T;A/G;A/A;A/A;C/T;G/G;G/G;G/G;A/G;A/G;C/C;A/A;G/G;C/C;C/T;A/G;T/T;G/A;A/G;G/G;A/G;A/G;C/T;T/T;A/A;C/T;G/G;C/T;A/A
SAMPLE_67;C/T;C/T;C/C;C/T;C/T;C/C;A/A;A/G;C/C;A/G;A/A;A/A;A/G;A/A;A/A;A/G;C/C;C/T;A/A;T/T;A/G;A/G;A/A;C/T;A/G;G/G;A/G;A/G;A/G;T/C;A/A;A/G;C/T;C/C;G/G;C/C;G/A;A/G;G/G;A/G;A/G;T/T;C/C;G/G;C/T;A/G;C/T;A/A
SAMPLE_68;T/T;C/C;T/T;C/T;T/T;C/T;A/C;A/G;T/T;A/A;C/C;C/C;G/G;G/G;A/G;A/A;T/T;C/T;A/A;T/T;A/A;A/G;A/A;C/T;A/G;G/G;A/G;G/G;A/G;C/C;A/G;A/G;C/T;T/T;A/G;C/T;A/A;G/G;G/G;A/G;A/A;C/C;C/T;A/A;C/T;G/G;C/C;A/A
SAMPLE_69;T/T;C/T;C/T;C/T;C/C;C/T;A/A;A/A;T/T;A/G;A/A;A/C;A/G;A/A;G/G;A/A;C/C;C/T;A/A;C/T;A/G;A/A;A/G;C/T;G/G;G/G;A/G;G/G;A/A;C/C;A/A;A/A;T/T;T/T;A/G;C/T;G/G;A/G;G/G;G/G;A/G;C/T;C/T;A/G;C/T;A/G;C/T;A/A
SAMPLE_70;C/T;C/T;T/T;T/T;C/C;T/T;A/C;G/G;C/C;A/A;A/A;C/C;A/A;G/G;A/G;A/G;C/C;T/T;A/A;C/T;A/G;A/G;A/G;C/C;G/G;G/G;A/G;G/G;A/G;T/T;A/A;A/A;T/T;T/T;A/A;T/T;G/A;A/G;C/G;A/A;A/G;C/T;T/T;G/G;C/T;A/G;C/C;A/A
SAMPLE_71;C/T;T/T;C/T;C/C;C/T;T/T;C/C;A/G;T/T;A/A;C/C;A/C;G/G;A/G;A/A;A/G;C/T;T/T;A/A;C/C;A/G;A/G;A/A;C/T;A/G;G/G;A/G;A/G;G/G;T/C;A/A;A/G;C/T;T/T;A/A;C/T;G/G;A/A;G/G;A/A;A/A;C/C;C/T;G/G;C/C;A/G;T/T;A/A
SAMPLE_72;C/C;C/T;T/T;C/T;T/T;C/C;A/A;A/A;C/T;G/G;C/C;C/C;G/G;G/G;A/A;A/G;T/T;T/T;A/A;C/T;A/G;G/G;A/G;T/T;A/A;G/G;A/A;A/A;A/A;T/C;A/G;G/G;C/T;C/C;A/G;T/T;G/A;A/G;G/G;A/G;A/A;C/T;C/C;A/G;T/T;A/G;C/C;A/A
SAMPLE_73;T/T;T/T;C/T;C/T;C/C;C/T;A/C;A/A;C/C;A/G;A/C;C/C;A/G;A/A;A/G;A/G;C/C;C/T;A/A;C/T;A/A;G/G;A/A;C/T;A/G;G/G;G/G;A/G;A/G;C/C;A/A;G/G;C/T;T/T;A/A;C/T;G/A;A/G;G/G;A/G;A/A;C/T;C/T;A/A;C/T;A/A;C/C;A/A
SAMPLE_74;T/T;T/T;C/C;C/C;C/T;C/C;C/C;A/A;C/C;A/G;C/C;A/C;A/G;A/A;A/G;A/A;C/T;T/T;G/G;C/C;A/G;A/G;A/G;C/C;G/G;G/G;A/A;A/A;A/G;T/C;A/G;G/G;C/T;T/T;A/G;T/T;A/A;A/A;G/G;A/G;A/A;T/T;C/T;A/G;C/T;G/G;C/T;UND
SAMPLE_75;T/T;T/T;C/C;T/T;T/T;T/T;A/C;G/G;C/T;G/G;A/A;A/A;A/G;A/G;A/G;A/A;C/C;C/T;A/A;C/T;A/A;A/G;A/A;C/C;G/G;G/G;A/A;A/G;A/G;T/C;A/A;A/A;C/C;C/T;A/G;T/T;A/A;A/A;G/G;A/G;A/A;C/T;C/C;G/G;C/T;A/G;C/C;A/A
SAMPLE_76;T/T;C/C;C/C;T/T;T/T;T/T;C/C;A/A;T/T;A/G;A/A;C/C;A/G;G/G;A/G;A/A;C/C;C/C;A/A;C/C;A/G;G/G;A/G;C/C;A/G;G/G;A/A;A/G;A/A;T/C;A/A;A/G;C/T;C/C;G/G;T/T;G/G;A/A;G/G;A/A;G/G;C/C;C/T;G/G;C/T;A/G;C/T;A/A
SAMPLE_77;T/T;C/T;C/T;C/T;C/T;C/T;C/C;A/A;C/T;A/G;A/C;A/C;G/G;A/G;A/G;G/G;C/T;C/C;A/A;C/C;G/G;A/G;A/A;C/C;A/G;G/G;A/G;A/G;A/G;T/C;A/A;A/G;C/C;C/T;G/G;C/T;G/A;UND;G/G;A/A;A/A;T/T;C/C;A/A;C/C;G/G;C/T;A/A
SAMPLE_78;C/T;C/T;C/T;C/T;T/T;C/T;A/C;A/G;T/T;G/G;A/A;A/C;G/G;G/G;G/G;A/A;T/T;C/T;A/A;T/T;G/G;A/A;A/G;C/C;A/G;G/G;G/G;G/G;A/A;T/C;A/A;A/A;C/T;C/C;A/A;C/T;G/A;A/A;G/G;A/A;A/G;T/T;C/T;A/G;T/T;A/G;C/C;A/C
SAMPLE_79;C/T;C/C;C/C;C/T;C/C;C/T;A/A;A/A;C/C;A/G;C/C;A/C;A/G;G/G;A/G;A/A;C/C;C/T;A/A;C/T;A/G;G/G;A/G;C/C;A/A;G/G;A/G;A/G;A/G;T/C;A/G;A/G;C/T;C/T;A/G;C/T;G/A;A/G;G/G;G/G;A/G;C/C;C/T;A/A;C/T;G/G;C/C;A/C
SAMPLE_80;C/T;C/C;C/T;C/T;C/C;C/T;C/C;A/A;C/T;A/G;C/C;A/C;A/A;G/G;A/G;G/G;C/T;C/T;A/A;C/T;A/A;G/G;G/G;C/C;A/G;G/G;G/G;A/A;A/G;T/T;A/G;A/G;C/C;C/C;A/A;C/T;G/G;A/G;G/G;G/G;A/A;C/T;C/T;A/G;C/C;G/G;T/T;A/C
SAMPLE_81;C/C;C/C;C/T;T/T;C/C;C/C;A/C;G/G;C/T;A/G;C/C;A/C;G/G;A/G;G/G;A/G;C/T;C/C;G/G;C/T;A/A;A/A;A/G;C/C;A/G;G/G;A/A;A/A;A/G;T/T;A/A;A/G;C/C;T/T;A/G;C/T;A/A;G/G;G/G;A/A;G/G;C/T;C/T;A/G;C/C;G/G;C/T;A/C
SAMPLE_82;T/T;C/C;C/T;C/C;T/T;T/T;C/C;A/A;C/T;A/G;C/C;A/A;A/G;A/G;G/G;A/G;T/T;C/C;G/G;C/T;G/G;G/G;A/A;C/C;A/A;G/G;A/G;G/G;A/G;T/T;A/A;G/G;T/T;C/C;A/G;C/T;G/G;A/A;G/G;A/G;A/A;C/T;C/T;A/A;C/C;G/G;C/C;A/A
SAMPLE_83;C/T;C/T;C/C;C/T;C/C;C/C;A/C;A/G;C/C;A/G;A/C;A/A;A/G;A/A;A/G;A/G;T/T;C/T;A/G;C/C;A/A;A/G;G/G;C/T;G/G;G/G;A/G;G/G;A/G;T/T;A/A;A/A;C/C;C/T;G/G;C/C;G/A;A/G;G/G;A/A;A/G;C/T;C/T;A/A;T/T;A/G;C/C;A/A
SAMPLE_84;C/T;T/T;C/T;C/T;C/C;C/C;A/A;UND;T/T;A/A;A/C;A/C;A/G;A/A;G/G;A/A;C/C;C/C;A/G;C/T;G/G;A/G;A/A;C/T;A/A;G/G;A/G;G/G;A/G;T/C;A/A;A/G;C/T;C/T;A/G;C/T;G/A;A/G;G/G;A/A;A/A;T/T;C/T;A/G;C/T;A/G;T/T;A/C
SAMPLE_85;C/T;C/C;C/C;C/T;C/T;T/T;A/A;A/A;C/T;A/G;C/C;C/C;A/G;G/G;A/A;A/G;C/T;C/C;A/A;C/C;A/A;A/A;A/G;C/T;G/G;G/G;A/G;G/G;G/G;T/C;A/G;G/G;C/T;C/C;G/G;T/T;A/A;A/A;G/G;A/G;A/A;T/T;C/C;A/G;T/T;G/G;C/T;UND
SAMPLE_86;C/C;T/T;C/T;C/T;C/T;C/C;A/C;A/A;C/T;G/G;C/C;A/C;A/A;A/A;A/A;A/G;C/T;C/T;A/A;T/T;A/G;A/A;A/A;C/T;A/G;G/G;A/A;A/G;A/G;T/C;A/A;A/G;C/C;C/T;A/G;C/C;G/A;A/G;G/G;A/G;A/A;C/T;T/T;G/G;C/T;A/G;T/T;A/A
SAMPLE_87;T/T;C/T;C/C;T/T;C/T;C/T;A/C;A/A;T/T;G/G;C/C;A/C;A/A;G/G;A/G;G/G;C/T;C/T;A/A;C/T;A/G;A/A;A/G;T/T;A/G;G/G;A/G;A/G;A/G;T/C;A/A;G/G;C/C;C/C;A/G;C/T;G/A;A/A;G/G;A/A;A/A;C/T;C/C;A/G;T/T;A/G;C/C;A/A
SAMPLE_88;T/T;C/T;T/T;C/C;T/T;C/C;A/C;A/G;C/C;A/A;C/C;A/C;A/A;A/G;A/A;A/A;C/T;T/T;A/A;T/T;A/G;A/A;A/A;C/T;A/G;G/G;A/A;A/G;A/G;T/C;A/G;A/G;C/C;C/T;A/G;T/T;G/A;A/A;G/G;G/G;A/A;T/T;C/T;A/A;C/C;A/G;C/T;UND
SAMPLE_89;T/T;C/C;T/T;C/T;C/C;C/T;A/A;A/G;T/T;A/A;C/C;A/C;A/G;G/G;A/A;A/A;C/T;C/C;A/G;C/T;A/G;A/A;G/G;C/C;A/G;G/G;A/G;A/G;A/A;T/C;A/A;A/A;C/C;T/T;A/G;C/T;G/G;G/G;G/G;G/G;A/G;C/C;C/T;G/G;C/T;G/G;C/T;A/C
SAMPLE_90;C/T;C/C;C/C;C/C;T/T;C/C;A/A;A/G;C/T;G/G;A/C;A/C;A/G;G/G;A/G;A/G;T/T;C/C;A/A;C/T;G/G;G/G;A/G;C/C;G/G;G/G;A/G;A/G;A/A;T/C;A/A;G/G;C/T;T/T;G/G;C/T;G/A;A/G;G/G;A/G;A/G;C/T;C/T;G/G;C/C;A/G;C/T;UND
SAMPLE_91;T/T;C/T;C/C;C/T;C/T;C/T;C/C;A/G;C/C;A/A;A/C;A/C;A/A;A/G;A/G;A/G;T/T;T/T;G/G;C/C;G/G;G/G;A/G;C/T;A/A;G/G;A/G;A/A;A/G;T/C;A/A;A/A;C/T;C/C;G/G;T/T;G/A;G/G;G/G;A/A;G/G;C/T;C/T;A/G;T/T;A/G;T/T;A/A
SAMPLE_92;T/T;C/T;C/C;C/T;C/T;C/T;A/A;A/G;C/T;G/G;A/C;A/C;A/G;A/G;A/A;A/G;C/T;C/C;A/A;C/T;A/G;G/G;A/A;C/T;A/G;G/G;A/A;A/G;G/G;T/T;A/G;A/G;C/C;T/T;A/G;C/T;G/A;A/G;C/G;A/G;G/G;C/C;T/T;G/G;T/T;A/G;C/C;A/A
SAMPLE_93;C/T;C/C;C/C;C/C;T/T;C/C;A/C;A/A;C/C;A/G;A/C;C/C;A/G;A/G;A/G;G/G;C/T;T/T;G/G;C/T;G/G;A/G;A/G;T/T;G/G;G/G;A/A;A/G;A/G;T/C;A/A;A/A;T/T;C/T;A/G;C/C;A/A;A/G;G/G;A/G;A/G;C/T;T/T;G/G;C/T;A/G;C/C;A/A
SAMPLE_94;C/T;T/T;T/T;C/T;C/T;C/T;A/A;A/A;T/T;A/G;A/A;C/C;A/G;G/G;A/A;A/A;C/T;C/T;A/G;C/T;A/A;A/A;G/G;C/T;A/G;G/G;A/G;G/G;A/G;T/C;A/A;G/G;C/C;C/T;G/G;T/T;G/A;A/A;G/G;A/A;A/G;T/T;C/C;A/G;C/T;G/G;T/T;UND
SAMPLE_95;C/T;C/C;C/T;C/C;C/T;C/C;C/C;A/A;C/T;G/G;A/A;A/C;A/G;A/G;A/G;G/G;C/T;C/T;A/G;T/T;G/G;A/A;A/G;C/T;A/G;G/G;A/A;A/G;A/G;C/C;A/A;A/G;C/T;C/T;A/G;C/C;G/A;A/G;G/G;G/G;A/G;C/C;C/T;A/A;C/T;G/G;C/T;UND
SAMPLE_96;C/C;C/T;C/T;C/C;C/T;C/C;A/A;A/G;C/T;G/G;A/A;A/A;G/G;G/G;A/G;A/A;C/T;T/T;A/G;C/C;A/A;A/A;A/G;T/T;A/G;G/G;A/G;A/G;A/G;C/C;A/A;A/A;C/C;C/T;A/A;T/T;A/A;A/G;G/G;A/A;G/G;C/C;C/T;G/G;T/T;A/A;C/C;A/C
SAMPLE_97;C/T;T/T;C/C;C/T;T/T;T/T;A/C;A/A;T/T;A/G;A/C;A/C;G/G;A/G;G/G;A/G;C/T;C/T;A/A;C/T;A/A;G/G;A/A;C/T;A/G;G/G;A/G;G/G;A/A;T/C;A/A;A/G;C/T;C/C;A/A;C/C;G/A;A/A;G/G;A/G;A/A;C/C;C/T;A/G;C/T;G/G;C/T;A/C
SAMPLE_98;T/T;C/C;C/C;C/T;C/T;C/T;C/C;A/A;C/T;A/G;A/A;A/C;A/G;A/G;A/G;G/G;C/C;T/T;A/G;C/T;G/G;A/G;A/A;C/T;G/G;G/G;A/A;A/A;A/G;T/C;A/A;A/A;C/C;C/T;G/G;C/T;G/A;G/G;G/G;A/G;A/G;C/C;T/T;A/G;C/T;A/G;C/T;UND
SAMPLE_99;C/C;C/T;C/T;C/T;C/T;C/T;A/A;A/G;C/T;A/G;A/C;A/C;A/G;G/G;A/G;A/G;C/T;C/C;G/G;C/T;A/G;A/A;A/G;C/T;G/G;G/G;A/A;G/G;A/G;T/C;A/A;A/G;T/T;C/T;A/G;C/T;G/A;A/A;G/G;A/A;A/A;C/C;C/T;A/A;C/T;G/G;C/T;A/A
SAMPLE_100;C/T;T/T;C/T;C/T;C/T;C/C;A/A;A/A;C/C;A/G;C/C;A/A;G/G;A/G;A/G;A/G;T/T;C/T;A/A;C/C;A/G;UND;G/G;C/T;G/G;G/G;G/G;G/G;A/G;T/C;A/A;A/A;C/C;C/T;A/G;C/C;A/A;A/G;G/G;A/A;G/G;C/C;T/T;A/G;C/T;G/G;C/C;UND
SAMPLE_101;T/T;C/T;C/T;C/C;C/C;C/T;A/A;A/A;T/T;A/A;A/C;C/C;A/G;A/G;A/A;A/G;C/T;T/T;A/A;C/T;G/G;A/G;A/G;C/C;G/G;G/G;A/G;A/G;A/A;T/C;A/A;A/A;T/T;T/T;A/G;C/C;A/A;UND;G/G;A/A;A/G;T/T;C/C;A/A;C/T;G/G;C/T;A/A
SAMPLE_102;C/T;C/C;C/C;C/T;T/T;C/T;A/C;A/G;C/T;A/G;A/C;A/A;A/G;A/G;A/G;A/G;C/T;T/T;G/G;C/T;G/G;A/G;A/A;T/T;G/G;G/G;A/A;A/A;A/G;T/T;A/A;A/G;T/T;C/C;A/G;C/T;G/G;A/A;G/G;G/G;A/G;C/C;C/C;G/G;C/C;A/G;C/T;A/C
SAMPLE_103;C/C;T/T;T/T;T/T;C/T;C/T;A/C;A/A;C/C;A/G;C/C;A/C;A/A;A/A;G/G;A/G;C/T;C/T;A/A;C/T;G/G;A/G;G/G;C/T;A/G;G/G;A/A;A/G;A/G;T/T;A/A;A/G;T/T;C/C;G/G;C/C;G/A;G/G;G/G;A/G;A/G;C/T;C/C;A/A;C/T;G/G;C/C;A/A
SAMPLE_104;C/T;T/T;C/T;T/T;C/T;C/T;C/C;A/A;C/T;A/G;A/C;A/A;A/G;A/G;G/G;A/A;C/C;C/C;A/A;T/T;G/G;A/G;G/G;T/T;G/G;G/G;G/G;A/A;A/A;C/C;A/A;A/A;C/T;T/T;A/G;C/T;G/A;A/G;G/G;A/A;A/G;C/T;T/T;A/G;C/T;A/G;C/T;A/A
SAMPLE_105;C/T;C/T;C/C;T/T;T/T;C/C;C/C;A/G;C/T;G/G;A/C;A/C;A/G;A/G;A/G;A/G;C/C;C/T;A/G;C/C;A/A;G/G;A/A;T/T;A/G;G/G;G/G;A/G;A/A;T/C;A/A;A/G;C/T;T/T;A/G;C/T;G/A;A/A;G/G;A/A;A/A;C/C;T/T;A/A;T/T;A/A;C/T;A/A
SAMPLE_106;C/C;T/T;C/C;T/T;T/T;T/T;C/C;A/G;C/T;G/G;C/C;A/A;A/G;G/G;G/G;A/G;C/C;T/T;G/G;C/T;G/G;G/G;G/G;T/T;A/G;G/G;A/A;G/G;G/G;T/C;A/G;A/A;C/C;C/T;A/A;T/T;A/A;A/A;G/G;A/A;A/G;C/T;T/T;A/G;T/T;G/G;C/C;A/A
SAMPLE_107;T/T;C/T;T/T;C/T;C/T;C/T;C/C;A/A;C/C;A/A;A/A;A/C;A/G;A/A;A/G;G/G;T/T;C/C;A/G;T/T;A/A;A/G;A/A;C/T;G/G;G/G;A/G;A/G;A/A;T/C;A/G;A/G;C/T;C/T;A/A;C/C;A/A;G/G;G/G;A/A;A/G;C/T;T/T;A/G;C/T;A/A;C/C;UND
SAMPLE_108;C/T;C/T;T/T;C/T;C/C;C/T;A/C;A/G;C/C;A/G;A/C;A/C;A/A;G/G;A/A;A/G;C/C;T/T;A/A;C/C;G/G;A/G;A/A;C/T;G/G;G/G;A/G;G/G;G/G;T/T;A/A;A/A;C/T;C/T;A/G;C/T;G/A;A/G;G/G;A/G;A/G;C/T;C/T;A/A;C/T;A/A;C/T;A/A
SAMPLE_109;T/T;T/T;C/T;C/C;T/T;C/C;A/C;A/A;C/T;A/G;A/C;A/C;A/A;A/G;G/G;A/A;C/C;T/T;A/A;C/C;A/A;A/G;G/G;C/T;A/A;G/G;A/A;A/G;A/G;C/C;A/A;A/G;C/C;T/T;G/G;C/T;A/A;G/G;G/G;A/A;A/G;T/T;C/T;G/G;T/T;A/A;T/T;A/A
SAMPLE_110;T/T;C/T;C/T;T/T;C/C;C/C;A/C;A/A;C/C;A/G;A/C;A/C;A/G;G/G;A/G;A/G;C/C;C/T;A/A;C/T;G/G;A/G;A/G;C/T;G/G;G/G;A/A;A/G;A/G;C/C;A/A;A/G;C/T;T/T;A/G;T/T;A/A;G/G;G/G;A/A;A/G;C/T;C/T;A/G;C/T;G/G;C/T;A/C
SAMPLE_111;C/C;C/C;C/C;C/T;C/T;C/C;A/A;A/G;C/T;A/G;A/C;A/A;G/G;G/G;A/A;A/G;C/T;T/T;A/A;T/T;G/G;A/G;A/G;C/T;G/G;G/G;A/G;G/G;G/G;C/C;A/A;A/G;C/C;T/T;G/G;C/T;G/G;G/G;G/G;A/G;A/A;C/T;C/T;A/G;C/T;A/G;C/T;A/A
SAMPLE_112;C/C;T/T;T/T;C/T;C/C;C/T;A/C;A/G;C/T;A/G;C/C;A/C;A/G;A/A;A/G;A/A;C/T;C/C;A/A;C/C;A/G;A/A;A/A;C/T;A/G;G/G;G/G;G/G;A/A;C/C;A/A;A/G;C/T;C/T;A/G;C/T;G/A;A/A;G/G;A/G;A/G;T/T;T/T;A/G;T/T;A/A;C/T;A/A
SAMPLE_113;C/T;C/T;C/C;C/T;T/T;C/T;A/C;A/A;C/C;A/G;A/A;C/C;A/G;G/G;G/G;A/G;T/T;C/T;A/G;C/C;A/G;G/G;A/A;C/C;A/A;G/G;A/A;A/G;A/A;T/C;A/A;A/G;C/T;C/T;A/A;C/T;G/A;A/A;G/G;A/G;A/A;C/T;C/T;A/G;C/C;A/A;C/T;UND
SAMPLE_114;C/T;C/T;T/T;C/C;C/T;C/T;A/C;A/A;T/T;A/G;A/C;A/C;A/A;A/A;A/G;A/G;C/T;T/T;A/A;C/T;G/G;G/G;A/G;T/T;A/A;G/G;A/A;A/G;A/G;T/C;A/G;A/G;C/T;C/C;G/G;C/C;A/A;G/G;G/G;A/G;A/G;C/T;C/T;A/G;C/T;G/G;C/T;A/A
SAMPLE_115;T/T;C/T;T/T;C/C;C/T;T/T;A/A;G/G;C/C;A/A;C/C;A/C;A/A;A/A;A/G;G/G;C/C;T/T;A/A;C/C;A/G;G/G;A/G;C/T;A/G;G/G;A/A;G/G;A/G;T/C;A/G;A/G;C/T;T/T;A/G;T/T;G/A;A/G;G/G;A/A;A/A;C/C;C/T;A/A;C/C;A/G;C/T;A/C
SAMPLE_116;C/T;C/C;C/T;C/C;C/T;C/C;A/A;G/G;T/T;A/G;A/A;A/C;A/G;A/G;G/G;A/A;C/C;T/T;A/A;T/T;G/G;A/A;A/G;C/T;A/G;G/G;A/A;A/G;G/G;C/C;A/A;A/A;C/C;C/C;A/A;C/T;G/G;A/G;G/G;A/A;A/G;C/T;C/C;A/G;C/C;G/G;C/C;UND
SAMPLE_117;T/T;C/T;C/T;C/C;C/T;C/C;C/C;A/G;C/T;A/G;A/C;A/C;A/A;A/A;A/G;G/G;C/T;T/T;A/G;T/T;A/A;A/A;A/G;T/T;A/G;G/G;A/G;A/G;A/A;T/T;A/A;G/G;C/T;C/T;A/A;T/T;G/G;A/G;G/G;A/G;A/A;T/T;C/C;A/A;T/T;G/G;T/T;A/A
SAMPLE_118;T/T;T/T;C/T;C/T;T/T;C/T;A/C;A/G;C/T;G/G;C/C;A/C;A/G;A/G;A/A;A/G;C/C;C/T;A/A;C/T;A/G;A/G;A/G;C/T;A/G;G/G;A/G;G/G;A/G;C/C;A/A;A/A;T/T;C/C;A/G;T/T;G/A;G/G;G/G;A/G;A/A;C/T;C/C;A/G;C/T;G/G;C/T;A/A
SAMPLE_119;T/T;T/T;C/C;T/T;C/C;C/C;C/C;A/G;C/C;A/A;C/C;A/C;A/A;A/G;A/G;A/A;C/C;C/T;A/A;C/T;G/G;A/G;G/G;T/T;A/G;G/G;G/G;A/G;G/G;T/C;A/G;A/A;T/T;C/C;A/G;C/T;G/A;A/A;G/G;A/A;A/G;C/T;C/T;A/A;C/T;A/G;T/T;A/A
SAMPLE_120;T/T;C/T;C/C;T/T;C/T;T/T;A/A;A/G;C/T;A/G;C/C;C/C;A/G;A/G;A/G;G/G;C/T;T/T;G/G;C/T;A/G;G/G;A/G;T/T;G/G;G/G;G/G;A/A;A/G;T/C;A/A;A/G;C/C;C/C;A/A;T/T;G/A;A/A;G/G;A/G;G/G;T/T;C/T;A/G;C/T;A/G;C/T;UND
SAMPLE_121;C/C;C/T;T/T;C/T;T/T;C/T;C/C;G/G;C/C;G/G;A/C;A/C;G/G;A/G;A/G;A/A;C/C;C/T;A/A;C/C;A/A;A/A;A/A;C/T;G/G;G/G;A/G;A/G;A/G;T/C;A/A;A/G;C/T;C/T;A/G;C/T;G/A;A/A;G/G;A/G;A/G;C/C;C/T;A/G;C/C;A/G;C/T;A/C
SAMPLE_122;C/T;C/T;C/T;C/T;C/T;C/C;C/C;A/G;UND;A/G;A/C;C/C;A/G;G/G;G/G;A/A;C/C;C/C;G/G;T/T;G/G;A/G;G/G;C/T;A/G;G/G;A/A;G/G;A/G;T/C;A/G;A/G;C/C;T/T;A/A;C/T;G/A;A/G;G/G;A/A;A/A;C/T;C/T;A/A;T/T;A/G;C/C;UND
SAMPLE_123;T/T;C/C;C/C;C/T;C/C;C/C;A/C;A/A;C/C;G/G;A/C;A/A;A/G;G/G;G/G;A/G;C/T;T/T;A/A;T/T;A/A;A/A;A/A;C/T;G/G;G/G;A/G;G/G;G/G;T/T;A/A;A/A;C/T;T/T;G/G;C/C;G/A;A/A;G/G;A/G;A/G;T/T;C/T;A/A;C/T;G/G;C/T;A/A
SAMPLE_124;C/T;T/T;C/T;C/T;C/T;T/T;A/C;A/G;C/C;A/G;A/C;C/C;A/G;A/A;A/G;G/G;C/C;T/T;A/G;T/T;G/G;A/A;A/G;C/T;A/G;G/G;A/A;G/G;A/G;T/T;A/A;A/G;C/C;C/C;A/A;C/T;G/A;A/G;G/G;A/G;G/G;C/C;T/T;A/G;C/T;A/G;T/T;A/A
SAMPLE_125;C/T;T/T;C/T;T/T;C/T;T/T;A/A;A/G;T/T;A/G;C/C;A/A;A/G;G/G;A/A;G/G;C/C;C/C;A/G;T/T;G/G;A/G;A/G;C/C;G/G;G/G;A/G;G/G;A/G;C/C;A/A;A/G;C/C;C/C;A/G;T/T;G/G;G/G;G/G;A/A;G/G;T/T;C/C;A/A;C/C;A/A;T/T;A/A
SAMPLE_126;C/T;C/C;C/T;C/T;C/T;T/T;A/C;A/G;C/T;A/G;A/C;C/C;A/A;A/G;G/G;A/G;C/T;C/T;G/G;T/T;A/G;A/G;A/G;T/T;A/G;G/G;A/A;A/A;A/G;T/C;A/G;A/A;T/T;C/C;A/G;C/C;G/G;A/G;G/G;A/G;A/G;C/C;C/T;A/A;C/T;G/G;T/T;A/C
SAMPLE_127;T/T;C/T;C/T;C/T;C/T;C/T;A/C;A/A;C/C;A/A;A/A;C/C;A/A;A/A;A/G;A/G;C/C;C/C;A/A;T/T;G/G;A/G;A/A;C/T;A/G;G/G;A/A;A/G;A/G;T/C;A/G;A/G;C/C;C/T;G/G;C/T;G/G;A/G;G/G;A/A;G/G;C/T;C/T;A/G;C/T;A/G;C/C;A/C
SAMPLE_128;C/C;C/C;C/C;C/T;C/C;C/T;A/A;A/A;C/C;A/G;A/C;C/C;A/A;A/G;A/A;A/A;C/T;C/T;A/A;C/T;A/A;G/G;A/A;C/C;A/G;G/G;G/G;A/G;G/G;T/T;A/A;G/G;C/T;T/T;A/A;C/T;G/G;A/G;G/G;G/G;A/A;C/T;T/T;A/G;C/T;A/A;T/T;A/A
SAMPLE_129;C/T;C/C;T/T;C/T;C/C;C/C;A/C;A/G;C/T;A/G;C/C;A/C;G/G;A/G;A/A;A/G;C/C;C/T;A/A;C/T;G/G;A/G;A/G;C/C;A/A;G/G;A/G;G/G;A/A;T/C;A/A;A/A;C/C;C/C;A/G;C/T;G/A;A/G;G/G;A/G;A/A;C/C;T/T;G/G;C/T;A/G;C/T;A/C
SAMPLE_130;T/T;C/T;C/T;C/T;C/C;C/C;A/C;A/G;C/C;G/G;A/A;C/C;A/G;A/G;A/G;A/G;C/T;C/T;A/A;T/T;A/G;A/G;A/A;C/T;A/A;G/G;A/G;G/G;A/A;C/C;A/A;A/G;T/T;C/C;A/A;C/C;G/A;A/A;G/G;A/G;G/G;C/T;C/T;A/G;T/T;A/G;C/T;A/C
SAMPLE_131;T/T;C/T;C/T;C/T;C/T;T/T;A/C;A/G;C/C;G/G;A/A;A/C;A/G;A/G;A/A;G/G;C/T;T/T;A/G;C/T;A/G;A/A;A/A;C/T;A/G;G/G;A/A;A/G;A/A;T/C;A/A;G/G;T/T;C/T;A/A;C/T;G/G;A/G;G/G;A/A;G/G;C/T;C/T;A/G;C/T;A/A;C/T;A/A
SAMPLE_132;T/T;C/T;C/T;T/T;C/C;C/T;A/C;G/G;T/T;A/G;C/C;A/C;A/A;G/G;A/G;A/G;C/C;C/C;A/G;C/T;A/G;G/G;A/G;T/T;A/G;G/G;G/G;A/A;A/G;T/C;A/A;A/G;C/T;C/T;G/G;C/T;G/A;A/A;G/G;A/G;A/A;C/T;C/T;A/G;T/T;A/G;C/C;A/A
SAMPLE_133;T/T;C/T;C/T;C/T;C/C;C/T;C/C;A/G;C/T;A/G;A/C;A/C;A/G;G/G;A/G;A/G;C/C;T/T;G/G;C/T;A/G;A/A;A/G;C/C;G/G;G/G;A/A;A/G;A/G;T/C;A/A;A/A;T/T;C/C;A/A;T/T;G/G;A/G;G/G;A/A;G/G;C/C;C/C;A/G;C/C;A/G;T/T;UND
SAMPLE_134;T/T;C/T;C/T;C/T;C/T;C/T;C/C;A/G;C/T;A/G;A/C;A/A;A/A;G/G;G/G;A/A;C/C;T/T;A/G;C/C;A/G;A/A;G/G;C/C;G/G;G/G;A/A;A/G;A/G;T/C;A/A;A/G;C/T;C/C;A/G;T/T;G/A;A/G;G/G;A/G;G/G;C/C;C/C;G/G;C/C;A/A;T/T;A/A
SAMPLE_135;C/T;T/T;T/T;T/T;C/T;T/T;A/C;A/A;C/T;A/G;A/C;A/A;A/G;A/G;G/G;G/G;T/T;C/T;A/A;C/C;A/A;G/G;A/A;C/T;A/G;G/G;A/G;A/A;A/A;T/C;A/A;A/G;C/C;T/T;A/A;C/C;G/A;A/A;G/G;A/G;G/G;T/T;C/T;A/A;T/T;A/A;C/T;A/A
SAMPLE_136;C/C;C/C;C/C;C/T;C/T;C/T;A/C;A/G;C/C;A/G;A/C;A/C;G/G;A/A;A/A;A/A;C/T;C/T;A/G;C/T;A/G;G/G;A/A;T/T;A/G;G/G;A/A;A/G;A/A;C/C;A/A;G/G;C/C;T/T;G/G;C/T;A/A;A/A;G/G;A/G;G/G;C/T;C/C;G/G;T/T;A/G;T/T;A/A
SAMPLE_137;C/T;C/T;C/T;C/C;C/T;C/T;A/C;G/G;C/T;A/G;C/C;C/C;A/G;A/G;G/G;A/A;T/T;C/C;A/A;C/C;A/G;A/G;A/G;C/C;A/G;G/G;A/G;A/G;A/G;T/C;A/A;G/G;C/T;C/T;A/A;C/T;G/A;A/A;G/G;A/G;G/G;C/T;C/T;A/G;C/T;A/G;T/T;A/A
SAMPLE_138;C/T;T/T;C/C;C/C;C/T;T/T;A/C;A/G;T/T;A/G;C/C;C/C;G/G;G/G;A/G;A/G;T/T;C/T;A/A;C/T;G/G;A/A;A/G;C/T;G/G;G/G;A/G;A/G;A/G;C/C;A/G;A/G;C/T;C/T;A/G;C/C;G/A;A/G;G/G;A/A;A/G;C/C;C/C;A/G;T/T;A/G;C/C;A/A
SAMPLE_139;C/C;T/T;C/C;C/T;T/T;C/C;A/C;G/G;C/C;G/G;A/C;A/C;G/G;A/A;A/G;A/G;T/T;T/T;A/G;T/T;A/G;A/G;G/G;T/T;A/G;G/G;A/G;A/G;A/G;C/C;A/A;A/G;C/T;C/T;A/A;C/C;G/A;G/G;G/G;G/G;G/G;C/T;C/C;G/G;C/T;A/A;C/T;A/A
SAMPLE_140;T/T;C/C;T/T;C/T;C/C;C/T;C/C;A/G;C/C;A/A;C/C;C/C;G/G;A/G;A/G;A/A;C/T;C/C;G/G;C/T;A/G;UND;A/A;C/C;A/G;G/G;A/A;A/G;A/G;T/T;A/A;A/G;C/C;C/C;A/G;T/T;G/A;A/A;G/G;A/G;G/G;C/T;C/T;A/G;C/T;A/G;T/T;A/A
SAMPLE_141;T/T;C/T;C/C;C/C;C/T;C/T;A/A;G/G;C/T;A/G;A/C;A/C;A/A;G/G;A/A;A/A;C/T;T/T;A/G;C/T;A/G;A/G;A/A;C/C;A/G;G/G;A/A;G/G;A/G;T/T;A/A;A/G;C/C;C/T;A/G;C/C;A/A;A/A;G/G;A/A;A/G;T/T;C/C;G/G;C/C;G/G;C/T;A/C
SAMPLE_142;T/T;C/T;C/T;C/T;T/T;C/T;C/C;A/A;C/T;A/G;A/C;A/C;G/G;G/G;A/G;A/G;C/T;C/C;A/A;C/C;G/G;A/G;A/G;T/T;A/A;G/G;A/A;A/G;A/A;T/C;A/G;A/G;C/T;C/C;A/A;C/T;G/A;G/G;G/G;A/G;G/G;C/C;C/C;G/G;C/C;A/G;C/C;UND
SAMPLE_143;C/T;T/T;C/T;T/T;T/T;C/T;A/A;G/G;T/T;A/G;A/A;A/A;A/G;G/G;A/G;G/G;C/C;C/C;A/A;C/T;A/G;A/G;A/G;C/C;A/A;G/G;A/G;G/G;A/G;T/C;A/A;A/G;T/T;C/C;A/G;C/C;G/G;A/G;G/G;A/A;A/A;C/T;C/C;A/A;C/C;A/G;T/T;A/C
SAMPLE_144;C/T;C/T;C/T;C/T;C/T;C/T;A/C;A/A;C/C;A/A;A/C;C/C;A/G;A/G;A/G;A/G;C/T;T/T;G/G;C/T;A/G;A/G;A/G;C/C;A/G;G/G;A/G;A/G;A/A;T/C;A/G;A/A;C/C;C/C;A/G;C/T;G/A;A/A;G/G;A/A;A/A;C/T;C/T;A/G;T/T;A/A;T/T;A/A
SAMPLE_145;T/T;C/T;C/T;C/T;T/T;C/T;A/A;A/G;C/T;A/A;C/C;A/A;A/G;A/G;A/G;A/G;C/T;C/C;A/A;C/C;A/G;A/A;A/A;C/C;G/G;G/G;A/G;A/G;A/G;T/T;A/A;A/G;C/C;C/T;A/G;T/T;A/A;G/G;G/G;A/G;G/G;C/C;C/C;A/G;C/T;A/A;C/T;A/C
SAMPLE_146;C/T;C/T;C/C;C/T;C/C;T/T;A/C;G/G;C/T;A/G;C/C;A/A;A/A;A/G;A/A;A/A;C/T;C/T;A/A;C/T;G/G;A/A;A/A;C/C;A/G;G/G;G/G;A/G;G/G;C/C;A/A;A/A;C/C;T/T;A/G;C/T;G/G;A/A;G/G;G/G;A/G;C/T;C/T;A/A;C/T;G/G;C/T;A/C
SAMPLE_147;C/T;C/C;C/T;C/T;C/T;C/C;A/A;A/G;C/T;A/A;A/C;C/C;A/A;A/A;A/A;A/G;C/T;C/C;A/A;C/C;A/G;A/A;A/G;C/C;A/G;G/G;A/G;G/G;A/G;T/C;A/A;A/G;C/T;C/C;G/G;C/C;G/A;A/A;G/G;A/G;A/G;T/T;C/C;G/G;C/T;A/G;C/T;A/A
SAMPLE_148;C/T;C/T;C/T;C/C;T/T;C/T;A/A;G/G;T/T;G/G;A/A;C/C;A/A;A/G;A/A;A/G;C/T;C/T;A/A;T/T;A/G;A/G;A/A;C/C;G/G;G/G;A/G;G/G;G/G;T/C;A/A;A/A;C/T;C/C;A/G;T/T;G/A;A/G;G/G;G/G;A/G;T/T;T/T;A/G;C/C;G/G;C/T;A/C
SAMPLE_149;T/T;C/T;C/T;T/T;C/C;C/C;A/C;A/A;C/C;A/G;A/C;A/C;A/G;G/G;A/G;A/G;C/C;C/T;A/A;C/T;G/G;A/G;A/G;C/T;G/G;G/G;A/A;A/G;A/G;C/C;A/A;A/G;C/T;T/T;A/G;T/T;A/A;G/G;G/G;A/A;A/G;C/T;C/T;A/G;C/T;G/G;C/T;UND
SAMPLE_150;T/T;C/T;C/T;C/C;C/C;C/T;A/C;A/G;C/T;G/G;A/C;C/C;A/A;G/G;A/A;A/G;C/T;T/T;A/A;T/T;A/G;A/G;A/A;C/T;A/A;G/G;A/G;A/A;A/A;C/C;A/A;A/G;T/T;T/T;A/G;C/T;G/A;A/A;G/G;G/G;A/G;C/T;C/T;A/A;C/T;A/G;C/T;UND
SAMPLE_151;C/T;C/T;T/T;T/T;T/T;C/C;A/C;G/G;C/C;A/A;A/A;C/C;A/A;A/A;A/G;A/G;C/C;T/T;G/G;C/T;A/G;A/G;A/G;T/T;A/G;G/G;A/A;G/G;A/G;T/C;A/G;A/G;C/C;C/C;A/A;C/T;G/A;A/A;G/G;A/A;A/A;C/T;C/T;A/G;T/T;A/G;T/T;A/A
